Materials Code,Description,Unit,Rate(Rs),mat_sl
110030141,P C C POLE : 8M LONG,NOS,5363.44,1
110030241,P C C POLE : 9M LONG,NOS,10198.28,2
110010341,STEEL TUBULAR POLE 9 M LONG (WITH CAP),NOS,11550.45,3
110011541,STEEL TUBULAR POLE 9.5M LONG (WITH CAP),NOS,16598.41,4
110010741,STEEL TUBULAR POLE 11 M LONG (WITH CAP),NOS,17887.87,5
110020711,RAIL POLE (11-13 M LONG) 52 KG,MT,93806.05,6
110051211,WIDE FLANGE BEAM: 13 M LONG WBP160X160X30.44 KG/M WITH GRADE E360,MT,65952.78,7
102010911,149.5 CHANNEL 100X5ONINI,MT,109813.95,8
102010611,M.S CHANNEL 75X40 MM,MT,110043.09,9
101011311,M S.ANGLE 65X65X6 MM,MT,108667.24,10
101011011,M.S ANGLE 50X50X6 MM,MT,109603.22,11
103011211,M.S FLAT 50X6 MM,MT,117623.30,12
103011511,M.S FLAT 65X6 MM,MT,117493.74,13
103011611,"M,S FLAT 65X8 MM",MT,114149.39,14
103011911,M.S FLAT 753{8 MM,MT,114255.68,15
103012311,M.S FLAT 75X12 MM,MT,114336.31,16
504130432,GI STAY SET HT(1830X20MM)WRKG LD7900ICG,NOS,795.83,17
504130332,Cl STAY SET LT(1680X16MM)WRKG LD5100KG,NOS,462.17,18
504110541,G 1 EARTH SPIKE 1833X20MM,NOS,367.98,19
503010711,G.I. WIRE 4 MM,MT,137360.98,20
503010811,G.I  WIRE 5 MM,MT,13686598.00,21
503050911,G.1. STAY WIRE 7 / 4 MM (8 SWG),MT,141692.18,22
503050711,6.1. STAY WERE 7/ 3.15KM (10 SWG),MT,142310.93,23
503050611,G.I. STAY WIRE 7/ 2.5MM (12 SWG),MT,145404.64,24
508020432,33KV PORCELAIN POST INSULATOR (STACK TYPE),NOS,1153.01,25
508011041,33 KV POLYMER COMPOSITE WITH FITTINGS PIN INSULATOR (10KN- 900MM CREEPAGE DISTANCE),NOS,678.15,26
508030641,33 KV POLYMER comPosit WITH FITTINGs 70KN DISC INSULATOR,NOS,326.70,27
508020341,11KV PORCELAIN POST INSULATOR,NOS,289.57,28
508011141,11 KV POLYMER COMPOSITE WITH FITTINGS PIN INSULATOR (5KN- 320MM CREEPAGE DISTANCE),NOS,243.79,29
508030541,11 KV POLYMER COMPOSITE 45KN DISC INSULATOR,NOS,183.15,30
504010132,COMPOSITE HARDWARE FITTINGS FOR ACSR WEASEL/ RABBIT (30 /50SQMM)C01NDUCTOR,SET,327.83,31
504010232,COMPOSITE HARDWARE FITTINGS SUITABLE FOR ACSR DOG1100SQMM)CONDUCTOR,SET,518.96,32
504010332,SINGLE TENSION HARDWARE FITTINGS FOR ACSR WOLF 1[150SQMM) CONDUCTOR,SET,1354.91,33
504010432,SINGLE SUSPENSION HARDWARE FITTINGS FOR ACSR WOLF (150SQMNI)CONDUCTOR,SET,647.62,34
504010532,SINGLE TENSION HARDWARE FITTINGS FOR PANTHER (200SQMM)CONDUCTOR,SET,1683.48,35
504010632,SINGLE SUSPENSION HARDWARE FITTINGS FOR PANTHER (200SQMM) CONDUCTOR,SET,730.12,36
309010541,LIGHTNING ARRESTER 42KV 10 KA PORCELAIN HOUSED GAPLESS TYPE FOR 33KV SYSTEM I,NOS,762827.00,37
309010841,LIGHTNING ARRESTER 12 KV 5KA PORCELAIN HOUSED GAPLESS TYPEFOR 11KV SYSTEM,NOS,524.23,38
309011041,LIGHTNING ARRESTER 12 KV 10KA PORCELAIN HOUSED STATION CLASS,NOS,2905.62,39
304010632,TPGO ISOLATOR : 11 KV :400 AMP.,SET,19138.97,40
304010532,TPGO ISOLATOR : 11 KV : 200 AMP.,SET,10384.98,41
304010332,33 KV 400 A TPGO ISOLATOR (ROCKI NG TYPE},SET,40318.52,42
304022332,33 KV 400 A CR TYPE ISOLATOR WITHOUT EARTH SWITCH (HIGH LEVEL),SET,41924.78,43
304020832,33 KV 400 A CR TYPE ISOLATOR WITHOUT EARTH SWITCH (LOW LEVEL),SET,41486.71,44
304021132,33 KV 400 A CR TYPE ISOLATOR WITH EARTH SWITCH (HIGH LEVEL),SET,55615.93,45
502010321,ACSR SQUIRM. (20 SQMM) CONDUCTOR,KM,25658.05,46
502010621,ACSR WEASEL (30SQMM) CONDUCTOR,KM,38139.33,47
502010921,ACSR RABBIT (50SQMM) CONDUCTOR,KM,62290.12,48
502011221,ACSR DOG (100SQMM) CONDUCTOR,KM,122653.45,49
502011521,ACSR WOLF (15051)MM) CONDUCTOR,KM,203337.56,50
502011821,COND ACSR PNTH 200SMNI,KM,271669.29,51
501012921,CABLE(PVC 1.1 KV GRADE) 2CX4SQMM,KM,43310.09,52
501013021,CABLE(PVC 1.1 KV GRADE) 2CX6SQMM,KM,44410.50,53
501017421,"CABLE{PVC 1,1 KV GRADE) 4CORE X1 OSQMM",KM,125852.36,54
501017821,CABLE(PVC 1.1 KV GRADE] 4CX25SQMM,KM,229429.95,55
501017921,CABLE(PVC 1.1 KV GRADE] 4CXSOSQMM,KM,248238.29,56
501018121,CABLE(PVC 1.1 KV GRADE) 4CX120SQMM,KM,481307.89,57
501018221,CABLE(PVC 1.1 KV GRADE) 4CX185SQMM,KM,781231.73,58
501018321,CABLE(PVC 1.1 KV GRADE] 4CX3005QMM,KM,1277593.58,59
501021121,CABLE(XLPE Li KV) 1CX630 SQMM,KM,855321.69,60
501022321,CABLE (XLPE 1.1 KV) 4 C X SOSQMM,KM,354938.27,61
501022421,CABLE (XLPE 1.1 KV ) 4 C X 120501M,KM,751027.94,62
501022521,CABLE (XLPE 1.1 KV ) 4 C X 1855QMM,KM,1168081.89,63
501022621,CABLE (XLPE 1.1 KV) 4 C X 300SQMM,KM,1777071.10,64
501023621,CABLE(XLPE 11 KV) 1CX1000SQMM,KM,1685372.90,65
501023821,CABLE(XLPE 11 KT) 3CX955QMM,KM,1046828.46,66
501023921,CABLE(XLPE 11 KV) 3CX1855QMM,KM,1229138.19,67
501024121,CABLE(XLPE 11 KV) 3CX300SQM1Y/,KM,1768380.17,68
501024221,CABLE( XLPE 11KV) 3 CX 400SQMM,KM,2179818.59,69
501025421,CABLE(XLPE 33 KV) 1X1000 SQMM,KM,2083227.79,70
501024921,CABLE(XLPE 33 KV) 3CX185SQMM,KM,2390241.81,71
501025221,CABLE(XLPE 33 KV) 3X400SQMM,KM,2950761.20,72
501030421,CABLE(LT AERIAL BUNCHED 1.1 KV) 3CX50-1CX16+1CX35SQMM,KM,237394.49,73
501030521,CABLE(LT AERIAL BUNCHED 1.1 KV) 3CX70+1CX16+1CX5OSQMM,KM,315558.99,74
501031121,CABLE(HT AERIAL BUNCHED 11 KV) 3CX95+1CX7OSQMM,KM,879877.46,75
501041121,CABLE( COPPER CONTROL 1.1 KV) 12 C X 2.55QMM,KM,420547.33,76
501041021,CABLE( COPPER CONTROL 1.1 ICU) 8 E X 2.55QMM,KM,281825.12,77
501040721,CABLE( COPPER CONTROL 1.1 KV) 4C X 2.5SOIM,KM,157705.25,78
301011041,DTR 16KVA 11/0.4331W,NOS,89547.19,79
301018141,DTR 25 KVA 11/0.433KV,NOS,103528.11,80
301018241,DTR 63 KVA 11/0.433KV,NOS,197568.41,81
301018341,DTR 100 KVA 11/0.433KV,NOS,248239.75,82
3010113741,DTR 160 KVA 11/0.433KV,NOS,318579.70,83
301019641,DTR 250 KVA 11/0.433KV -OUTDOOR TYPE,NOS,674147.87,84
301019041,DTR 315 KVA 11/0.43311V -INDOORTYPE,NOS,987447.23,85
301019141,DTR 315 KVA 11/0.433KV -OUTDOORTYPE,NOS,985286.54,86
301019341,DTR 630KVA 11/0.415K-ft-OUTDOOR & OIL COLLING TYPE,NOS,184384208.00,87
301019741,DTR 315KVA 11/0.415KV-OUTDOOR & DRY VPI TYPE,NOS,2454693.87,88
301019541,DTR 630KVA 11/0.415KV-OUTDOOR & DRY VPI TYPE,NOS,3505551.10,89
301019441,DTR 630KVA 11/0.415KV-INDOOR & DRY VPI TYPE,NOS,3505551.10,90
301021241,6.3 MVA 33/11KV POWER TRANSFORMER,NOS,11415656.07,91
301022041,RTCC PANEL FOR 6.3 MVA TRANSFORMAR,NOS,89074.27,92
301021741,10 MVA 33/11KV POWER TRANSFORMER,NOS,13287983.20,93
301022141,RTCC PANEL FOR 10 MVA TRANSFORMAR,NOS,8907427.00,94
301018541,100 KVA 33/0.415 KV STATION SERVICE TRANSFORMER,NOS,481555.90,95
908010252,TRANSFORMER OIL (EHV GRADE),NOS,127665.28,96
901031241,"30V 3SA AUTO & MANUAL, FLOAT-CUM-BOOST, THYRISTOR CONTROLLED BATTERY RGER.
CHARGER.",SET,113898.24,97
501021132,30V 100 AH PLANTE TYPE LEAD ACID BATTERY,SET,144142.40,98
901040332,STAND ERD ACCESSORIES OF 30V 100 AH PLANTE TYPE BATTERY BATTERY,SET,16330.86,99
301032241,33 KV PT: 1 PHASE OD TYPE :RATIO : 33 / V3 / 0.11 / V 3 KV,NOS,26649.27,100
301051641,33 KV CT (1 PHASE) : OD TYPE : DUAL CORE CT RATIO-400 - 200 / 1 -1 A,NOS,37849.26,101
301054741,33 KV CT (1 PHASE) : OD TYPE; DUAL CORE CT RATIO-200 - 100 / 1 -1 -LA,NOS,51838.30,102
301055641,33 KV CT (1 PHASE) : OD TYPE : DUAL CORE CT RATIO-100 - 50 / 1 -1A,NOS,54028.65,104
301061441,LT CURRENT TRANSFORMERRING TYPE RATIO-200/5 AMPS,NOS,547.59,105
301065141,"LT CURRENT TRANSFORMER, RING TYPE(TAPE WOUND), RATIO-400/5 AMPS, ACCURACY CLASS 0.55",NOS,452.68,106
301070541,"11 KV COMBINED CT & PT WITH CT RATIO 200-100/1A, PT 11000/110V",NOS,55747.50,107
301070741,"11 KV COMBINED CT & PT WITH CT RATIO 300-150/1A, PT 11000/110V",NOS,74402.57,108
301070641,"11 KV COMBINED CT & PT WITH CT RATIO 200-100/5A, PT 11000/110V",NOS,55747.50,109
301070841,"11 KV COMBINED CT ,& PT WITH CT RATIO 300-150/5A, PT 11000/110V",NOS,74402.57,110
302030341,"36 KV VCB : 750 MVA 1000/1250 AMPS :O/D- TYPE, 30V DC",NOS,297887.70,111
303071932,33KVIDVCBPNL INCOMER WITHOUT C&R PANEL,SET,1013067.85,112
303072032,33KVIDVCBPNL OUTGOING WITHOUT C&R PANEL,SET,1014236.04,113
303072132,33KVIDVCBPNL FOR POWER TRANSFORMER WITHOUT C&R PANEL,SET,1029860.54,114
303072232,33KVIDPNL FOR 8115 PT,SET,616760.40,115
303072332,33KVIDPNL FOR BUS COUPLER WITH BUS SECTION PANEL,SET,1306533.95,116
303072432,33KVIDPNL FOR STATION TRANSFORMER,SET,727300.10,117
303071232,33KVIDVCB9PNL(21+1 0-1-21R+2BPT-1-1BC+115L),SET,8367447.65,118
303071332,33KVIDVCB1OPNL(21+20+2TR+2BPT+1BC+11SL),SET,9407191.04,119
303071432,33KVIDVCB13PNL(31+10+3TR+3BPT+2BC+1ISL),SET,12449405.58,120
305015241,"33KV C&R PANEL, WITH DIFFERENTIAL RELAY SCADA COMPATIBLE FOR INDIVIDUAL TRANSFORMER",Nos,417159.59,121
305015141,"33KV C&R PANEL, WITH DIRECTIONAL RELAY, SCADA COMPATIBLE FOR FEEDER CONTROL",NOS,264156.29,122
303050441,"12 KV 350MVA,400A SERIES TRIP METERING SWG COMPLETE WITH CTR-100-50/5-5A, PTR 11000/110V",NOS,353271.40,123
303050341,"12 KV 350MVA,400A SERIES TRIP SWG COMPLETE WITH CTR-S0-25/5-5A, PTR 11000/110V",NOS,331927.23,124
303060432,"12 KV 350MVA RMU METERING SWG CT RATION 100-50/5-5A, PTR 11000/110V",SET,702372.45,125
303060332,"12 KV 35OMVA RMU METERING SWG CT RATION 50.25/5-5A, PTR 11000/110V",SET,716974.70,126
303030732,SCADA350MVA800/1250A-1N1BCOOG0 (ONE INCOMING PANEL ONLY),SET,538481.65,127
303030832,SCADA35LIMVA800/1250A-INO8C106 0 (ONE BUS COUPLER PANEL ALONG WITH ADOPTER,SET,400737.80,128
303030932,SCADA350MVA 800/12 50A-INOBCOOG1 (ONE OUTGOING PANEL ONLY),SET,480161.38,129
303031532,SWITCHGEAR(SHUNT TRIP) WITH VCB (12 KV 350MVA 1250/800A) 2 PNL(0+0+2),SET,960322.75,130
303037332,112 KV SCADA COMPATIBLE SHUNT TRIP SWITIHGEAR PANEL WITH VCB 2 PANEL (0+1+1),SET,880899.17,131
303037232,12 KV SCADA COMPATIBLE SHUNT TRIP SWITCHGEAR PANEL WITH VCR 2 PANEL (1+ 1+ 0 ),SET,939219.45,132
303041132,SWITCHGEAR(SHUNT TRIP] WITH VCB (12 KV 350MVA 1250/800A) 2 PNL(1+0+1),SET,1018643.03,133
303032432,"SWITCHGEAR(SHUNT TRIP) WITH VCB (12 KV 350MVA 1250)8004) 3 PNI,(0+0+3)",SET,1440484.14,134
303041432,SWITCHGEAR(SHIINT TRIP) WITH VCB (12 KV 35OMVA 1250/800A) 3 PNL(1+0+2),SET,14.99,135
303036832,SWITCHGEAR{SHUNT TRIP) WITH VCB (12 KV 350MVA 1250/800A) 3 PNL(1+1+1),SET,1419380.83,136
303032732,SWITCHGEAR(SHUNT TRIP) WITH VCB (12 KV 3SOMVA 1250/800A) 4 PNL(1+0+3),SET,1978965.79,137
303037132,SWITCHGEAR(SHUNT TRIP] WITH VCB (12 KV 350MVA 1250/800A) 4 PNL 1+1+2,SET,1899542.21,138
303036732,SWITCHGEAR(SHUNT TRIP) WITH VCB (12 KV 350MVA 1250/800A) 5 PNL(2+1+2),SET,2438023.86,139
303036632,SWITCHGEAR(SHUNT TRIP) WITH VCB (12 KV 350MVA 1250/800A) 7 PNL(2+1+4),SET,339834663.00,140
303042332,SWITCHGEAR(SHUNT TRIP) WITH VCB {12 KV 350MVA 1250/8004) 8 PNL(2+1+5),SET,3878508.00,141
303033632,SWITCHGEAR(SHUNT TRIP) WITH VCB (12 KV 350MVA 1250/800A) 8 PNL(2+2+4),SET,3799.084..42,142
303033932,SWITCHGEAR(SHUNT TRIP) WITH VCR (12 KV 350MVA 1250/13004) 9 PNL (2+1+6),SET,4358669.32,143
303036532,SWITCHGEAR(SHUNT TRIP) WITH VCB (12 KV 350MVA 1250/8004) 9 PSIL(3+2+4),SET,4337566.07,144
303034232,SWITCHGEAR(SHUNT TRIP) WITH VCB (12 KV 350MVA 1250/800A) 10 PNL(2+1+7),SET,483883076.00,145
303034532,SWITCHGEAR(SHUNT TRIP) WITH VCR (12 KV 350MVA 1250/800A) 10 PNL(2+2+6),SET,4759407.18,146
303034832,SWITCHGEAR(SHUNT TRIP) WITH VCB (12 KV 3SOMVA 1250/800A) 10 PNL{3+2+5),SET,4817727.45,147
303035132,SWITCHGEAR(SHUNT TRIP) WITH VCB (12 KV 350MVA 1250/000A) 11 PNL(2+1+8),SET,5318992.14,148
303043532,SWITC.HGEAR(SHUNT TRIP) WITH VCR (12 KV 350MVA 1250/8004) 11 PNL(3+2+6),sET,5297888.83,149
303035432,SWITCHGEAR(SHUNT TRIP) WITH VCI3 (12 KV 350MVA 1250/800A) 13 PNL(4+3+6),SET,6237.108.28,150
303043832,SWITCHGEAR(SHUNT TRIP) WITH UGH (12 KY 35014VA 1250/8004) 14 PNL(3+2+9),SET,6738372.97,151
303035732,SWITCHGEAR(SLIUNT TRIP) WITH VCB (12 KV 350MVA 1250/800A) 14 PNL(3+3+8),SET,665894939.00,152
303036032,SWITCHGEAR(SHUNT TRIP) WITH VCB (12 KV 350MVA 1250/8004) 14 PNL(4+3+ 7),SET,6717269.66,153
303044132,SWITCHGEAR(SHUNT TRIP) WITH VCS (12 KV 3SOMVA 1250/800A) 15 PNL (4+3+13),SET,7197431.04,154
303062132,"SCADA RMU, 11KV OUTDOOR NON-EXTENSIBLE 3-WAY (2 LBS+ 2 OG)",SET,820192.38,155
303062232,"SCADA RMU, 11KV OUTDOOR NON-EXTENSIBLE 4-WAY (2 LBS+ 2 OG) FOR OIL COOLED 315KVA DTR",SET,870248.23,156
303062332,"SCADA RMU, 11KV OUTDOOR NON-EXTENSIBLE 4-WAY (2 LBS+ 2 OG) FOR OIL COOLED 630KVA DTR",SET,893213.32,157
401010741,SINGLE PHASE 2W STATIC METER (5-30)A WITH P.P. BOX,NOS,1173.14,158
401021541,SINGLE PHASE 2W STATIC METER (5-30)A WITHOUT P.P. BOX,NOS,6781.43,159
401021441,"THREE PHASE 4W (5-30)A, DLMS, WHOLE CURRENT STATIC METER",NOS,7058.15,160
401021741,THREE PHASE 4W STATIC METER (10-60)A WITH PP BOX & LPR,NOS,6546.31,161
401011541,1 PHASE SMART METER WITH BOX AND DATA CARD,NOS,5528.45,162
401022141,3 PHASE SMART METER WITH BOX AND DATA CARD,NOS,7463.26,163
401010541,PREPAID1PHACSTAT.MTR.(5-30A)WHPPBOX,NOS,7410.32,164
401010841,1PHACSTAT.MTR.(10-60A)PRE-PAID WHSLNO,NOS,8056.64,165
401021641,3PH4WACSTAT.MTR.(20-80A)PRE-PAIDWHSLNO,NOS,16303.88,166
401010941,1P 2W 5-30A EXPORT/IMPORT MTR WHSLNO,NOS,2095.44,167
401021241,THREE PHASE STATIC METER (5-30)A IMPORT-EXPORT TYPE,NOS,6106.99,168
401021341,THREE PHASE STATIC METER (20-100)A IMPORT-EXPORT TYPE,NOS,6730.69,169
401034441,3P4W LTCT  EXPORT IMPORT  BLK MTR WHSLNO,NOS,6720.42,170
401034541,3P4W 11KV  EXPORT IMPORT  BLK MTR WHSLNO,NOS,9598.76,171
401034641,3P4W 33KV  EXPORT IMPORT  BLK MTR WHSLNO,NOS,9598.76,172
401034841,3P4W 132KV  EXPORT IMPORT  BLK MTR WHSLNO,NOS,43310.77,173
401034041,3PH 4 W LT TOD METER CT RATIO 200/5 A FOR LT BULK,NOS,6059.98,174
401034141,3PH 4 W DLMS WITH CT RATIO 50/5 A FOR 11KV  BULK,NOS,8819.82,175
401033941,3PH 4 W CT/PT OPERATED  CT RATIO 100/1 A FOR 33 KV BULK,NOS,9243.28,176
401030541,"3 PHASE 4WIRE STATIC 132 KV CT-PT OPERATED HT TRIVECTOR TOD FOR 132 KV BULK,0.2S",NOS,40740.53,177
401033441,"1 PH 2 W STATIC 25 KV CT-PT OPERATED TRIVECTOR TOD ENERGY METER FORTRACTION APPLICATION, 0.2S",NOS,37447.22,178
401030641,"1 PH 2W STATIC 132 KV CT-PT OPERATED TRIVECTOR TOD ENERGY METER FOR 132 KV TRACTION POWER,0.2S",NOS,42755.16,179
401032141,HT 11KV FEEDER METER,NO,8650.04,180
401034241,"3-PH 4-WIRE (1A) AMR,TRI-VECTOR FEEDER METER FOR 33 KV SUB-STN",NOS,9308.63,181
401034741,MULTI-FEEDER METERING RACK WITH SUMMATION UNIT FOR TWO FEEDER SUMMATION,NOS,775530.16,182
401031341,"3PH 4 W CT OPERATED FULLY STATIC AMR,TRI-VECTOR DLMS METER FOR DTR",NOS,6104.51,183
401034340,3PH4W 11KV(1A)BOUNDARY MTR WH SL NO,NOS,12842.64,184
902021440,POLYCARBONATE SECURITY SEAL (PATENTED) 20 CM(LIGHT GREEN COLOUR),NOS,7.16,185
504122141,RE-WIRABLE PORCELAIN CUT OUT FUSE UNIT 16AMP,NOS,109.23,186
504122241,RE-WIRABLE PORCELAIN CUT OUT FUSE UNIT 32 AMP,NOS,174.94,187
504122341,RE-WIRABLE PORCELAIN CUT OUT FUSE UNIT 63 AMP,NOS,385.21,188
504122441,RE-WIRABLE PORCELAIN CUT OUT FUSE UNIT 100 AMP,NOS,649.37,189
504122541,RE-WIRABLE PORCELAIN CUT OUT FUSE UNIT 200 AMP,NOS,1385.33,190
504122641,RE-WIRABLE PORCELAIN CUT OUT FUSE UNIT 300 AMP,NOS,2335.50,191
504122741,RE-WIRABLE PORCELAIN CUT OUT FUSE UNIT 400 AMP,NOS,3425.13,192
504122841,RE-WIRABLE PORCELAIN CUT OUT FUSE UNIT 500 AMP,NOS,4080.77,193
113020641,"11KV ""V"" BRACKET FOR PCC POLE 8M LONG",NOS,1294.37,194
113020741,"11KV ""V"" BRACKET FOR PCC POLE 9M LONG",NOS,1314.19,195
113020841,"11 KV ""V"" BRACKET FOR RAIL POLE",NOS,1315.56,196
113020941,"33KV ""V"" BRACKET FOR PCC POLE 9M LONG",NOS,1998.99,197
113021141,"33 KV ""V"" BRACKET FOR RAIL POLE",NOS,2259.30,198
113021241,11 KV TOP ADAPTOR for PCC pole 8M long,NOS,433.67,199
113021341,11 KV TOP ADAPTOR for PCC pole 9M long,NOS,478.12,200
113021441,11 KV TOP ADAPTOR for rail pole,NOS,523.41,201
113021541,33 KV TOP ADAPTOR for PCC pole 9M long,NOS,1288.10,202
113021641,33 KV TOP ADAPTOR for rail pole,NOS,807.35,203
407010241,LT MTR KIOSK 415V STLSHT COVR,NOS,15366.01,204
407010541,LT distribution KIOSK for 100KVA TRNF.,NOS,8878.41,205
407010641,LT DISTRIBUTION KIOSK FOR 25KVA TRNF.,NOS,9441.26,206
407010741,LT DISTRIBUTION KIOSK FOR 63KVA TRNF.,NOS,10456.61,207
407010841,LT DISTRIBUTION KIOSK FOR 315KVA TRNF.,NOS,17903.46,208
912011441,"TURN BUCKLE 18 X 5/8""",NOS,238.70,209
912013341,"TURN BUCKLE  18 x 3/4""",NOS,281.47,210
505011141,CLAMP P.G. - A.C.S.R. DOG,NOS,334.00,211
505010641,PG CLMP-WSL/RBT.( 30/50SMM),NOS,187.88,212
505031541,"D IRON CLAMP 3"" x 3.5""",NOS,47.83,213
505031641,UPPER CLAMP - L.T.BKT.50X6 FLAT(PCC POLE),NOS,108.78,214
505031741,LOWER CLAMP - L.T.BKT.50X6 FLAT(PCC POLE),NOS,110.58,215
505034941,CLAMP FOR 8M PCC POLE,NOS,190.00,216
505035041,CLAMP FOR 9M PCC POLE,NOS,214.38,217
505035141,CLAMP FOR 8M PCC POLE(BOT),NOS,210.00,218
505035241,CLAMP FOR 9M PCC POLE(BOT),NOS,249.76,219
506010331,SHACKLE STRAP BIG 185 X 30 X 3,PAA,45.38,220
506010531,"GI SHACKLE STRAP 9"" WITH NUT & BOLT",PAA,59.21,221
503020312,AL. BINDING WIRE 5MM/6SWG,KG,477.40,222
903013212,"AL BINDING TAPE - 1/4""",KG,529.58,223
903013545,"PLASTIC TAPE - NON ADHESIVE - 1""",ROL,30.00,224
508040641,CI REEL INSULATOR,NOS,44.16,225
508040341,"PORCELAIN SHACKLE INSULATOR 2"" X 21/2""",NOS,20.00,226
508040441,"PORCELAIN SHACKLE INSULATOR  3"" x 31/2""",NOS,23.34,227
508040841,PORCELAIN GUY INSULATOR HT,NOS,52.24,228
508040741,PORCELAIN GUY INSULATOR LT,NOS,21.11,229
504070341,LT SPACER - 1 PHASE 2 WIRE,NOS,35.51,230
504070641,LT SPACER - 2 PHASE 3 WIRE,NOS,59.08,231
504070441,LT SPACER - 3 PHASE 4 WIRE,NOS,77.62,232
504070541,LT SPACER - 3 PHASE 5 WIRE,NOS,94.79,233
504042641,11KV I/D HS Ter.Jnt.FOR3x95SMM XLPE CAB,NOS,5188.33,234
504043241,11KV I/D HS Ter.Jnt.FOR3x185SMM XLPE CAB,NOS,5833.67,235
504043841,11KV I/D HS Ter.Jnt.FOR3x300SMM XLPE CAB,NOS,7242.94,236
504042541,11KVO/D HS Ter.Jnt.FOR3x95SMM XLPE CAB,NOS,6863.10,237
504043141,11KVO/D HS Ter.Jnt.FOR3x185SMM XLPE CAB,NOS,8166.53,238
504043741,11KVO/D HS Ter.Jnt.FOR3x300SMM XLPE CAB,NOS,8963.63,239
504042741,11KV ST THR. HS JNT.FOR3x95SMM XLPE CAB,NOS,13095.63,240
504057941,11KVST.THR.TRANSITIONJnt.FOR3x185SMM CAB,NOS,16285.44,241
504043941,11KV ST THR. HS JNT.FOR3x300SMM XLPE CAB,NOS,17000.00,242
504047341,11KV ST THR. HS JNT.FOR3x400SMM XLPE CAB,NOS,17779.39,243
504045041,33KV I/D HS Ter.Jnt.FOR3x185SMM XLPE CAB,NOS,17099.22,244
504045641,33KV I/D HS Ter.Jnt.FOR3x300SMM XLPE CAB,NOS,18155.46,245
504045941,33KV I/D HS Ter.Jnt.FOR3x400SMM XLPE CAB,NOS,19392.95,246
504049741,33KVI/D HS Ter.Jnt.FOR1x1000SMM XLPE CAB,NOS,7096.74,247
504044941,33KVO/D HS Ter.Jnt.FOR3x185SMM XLPE CAB,NOS,19139.45,248
504045541,33KVO/D HS Ter.Jnt.FOR3x300SMM XLPE CAB,NOS,24604.72,249
504045841,33KVO/D HS Ter.Jnt.FOR3x400SMM XLPE CAB,NOS,26532.72,250
504049541,33KVO/D HS Ter.Jnt.FOR1x1000SMM XLPE CAB,NOS,8761.41,251
504045141,33KV ST THR. HS JNT.FOR3x185SMM XLPE CAB,NOS,40255.18,252
504045741,33KV ST THR. HS JNT.FOR3x300SMM XLPE CAB,NOS,41448.16,253
504046041,33KV ST THR. HS JNT.FOR3x400SMM XLPE CAB,NOS,42778.21,254
504049641,33KV ST THR.HS JNT.FOR1x1000SMM XLPE CAB,NOS,19713.16,255
504054141,1.1KV ST THR. JNT.FOR(4/3.5x50SMM),NOS,1586.81,256
504054341,1.1KV ST THR. JNT.FOR(4/3.5x95SMM),NOS,2605.14,257
504054441,1.1KV ST THR. JNT.FOR(4/3.5x120SMM),NOS,3370.25,258
504054541,1.1KV ST THR. JNT.FOR(4/3.5x185SMM),NOS,4202.60,259
504054641,1.1KV ST THR. JNT.FOR(4/3.5x240SMM),NOS,4307.69,260
504054741,1.1KV ST THR. JNT.FOR(4/3.5x300SMM),NOS,4322.33,261
504054841,1.1KV ST THR. JNT.FOR(4/3.5x400SMM),NOS,4500.00,262
504055141,1.1KV TEE JNT.FOR(4/3.5x50-25/16 SMM),NOS,4472.80,263
504055241,1.1KV TEE JNT.FOR(4/3.5x70-25/16 SMM),NOS,6709.20,264
504055341,1.1KV TEE JNT.FOR(4/3.5x95-25/16 SMM),NOS,7348.17,265
504023041,PAD-CON.FOR 11KV(1X95 SMM) ABC,NOS,486.77,266
504022941,WEDGE-CON.FOR 11KV(1X95 SMM) ABC,NOS,524.23,267
504053341,11KV I/D HS Ter.Jt.FOR(1x95SQ MM)ABC,NOS,1865.94,268
504053241,11KV O/D HS Ter.Jt.FOR(1x95SQ MM)ABC,NOS,2439.09,269
504053441,11KV ST THR. HS Jt.FOR(1x95SQ MM)ABC,NOS,5501.88,270
504038541,TEE JNT TAP OFF 11KV ABC TO DTR-1X95SMM,NOS,5214.50,271
504026841,INSULATION-PIERCING CONNECTOR (ABC) - 16SQ MM,NOS,86.10,272
504030341,PIERCING INSULATION STRAIGHT THROUGH JOINT (ABC) -16SQMM,NOS,126.30,273
504026941,INSULATION-PIERCING CONNECTOR (ABC) - 35-50SQ MM,NOS,95.09,274
504030741,PIERCING INSULATION STRAIGHT THROUGH JOINT (ABC) -35 SQMM N.WIRE,NOS,100.76,275
504026741,INSULATION-PIERCING CONNECTOR (ABC) - 50-70 SQ MM,NOS,117.42,276
504030841,PIERCING INSULATION STRAIGHT THROUGH JOINT (ABC) -50SQ MM N.WIRE,NOS,164.57,277
504030941,PIERCING INSULATION STRAIGHT THROUGH JOINT (ABC) -50SQ MM POWER CABLE,NOS,164.57,278
504031141,PIERCING INSULATION STRAIGHT THROUGH JOINT (ABC)-70 SQ MM POWER CABLE,NOS,182.53,279
504027041,INSULATION-PIERCING CONNECTOR (ABC) - 95SQ MM,NOS,108.00,280
504027141,INSULATION-PIERCING CONNECTOR  -ABC TO ABC TEE JOINT,NOS,149.17,281
504031241,PIERCING INSULATION STRAIGHT THROUGH JOINT (ABC) -CABLE END CAP,NOS,20.31,282
504027441,BI-METALLIC CRIMPING TYPE WATER PROOF LUG-16SMM ST LT(ABC),NOS,167.19,283
504027541,BI-METALLIC CRIMPING TYPE WATER PROOF LUG-35SMM MSNGR(ABC),NOS,179.32,284
504027741,BI-METALLIC CRIMPING TYPE WATER PROOF LUG-50SMM PWR(ABC),NOS,180.00,285
504027641,BI-METALLIC CRIMPING TYPE WATER PROOF LUG-50SMM MSNGR(ABC),NOS,195.09,286
504027841,BI-METALLIC CRIMPING TYPE WATER PROOF LUG-70SMM PWR(ABC),NOS,247.50,287
504060941,LTDISTBOX 3PH CON.WH ST.STRAP&BUCKLE-ABC,NOS,1489.90,288
504140641,CAB END CAP FOR DIFF.SIZE AB CABLE,NOS,17.21,289
504151441,CAB TIE WH ADJ.LOCKING ARRANGEMENT.,NOS,7.96,290
505036541,SUSP. CLMP HT ABC70-150SQMM MESENGER,NOS,156.62,291
505030641,SUSPENTION CLAMP WITH BRKT 35SQMM MESENGER,NOS,367.62,292
505030241,SUSPENTION CLAMP WITH BRKT 180SQMM MESENGER,NOS,416.03,293
505030341,ANCHORING CLAMP 180SQ.MM. : MESSENGER,NOS,449.46,294
505034141,DEAD END CLAMP-LT ABC(3X70+1X16+1X50SMM),NOS,389.66,295
505030841,EYE HOOK FOR ANCHOR & SUSPN. CLAMP,NOS,110.64,296
201050111,G.I. BARBED WIRE,MT,182529.23,297
910010241,CAUTION BOARD - 11KV,NOS,160.18,298
910011641,CAUTION BOARD - 400V,NOS,160.18,299
910012141,CAUTION BOARD - 33KV,NOS,160.18,300
